Uncertainty budget,EA-4/02 S2 – Calibration of a 10 kg weight (worked example)
Measurand,Conventional mass of the 10 kg weight,mX,g
Model,mX = mS + dmD + dm + dmC + dB
Laboratory,Worked example,Prepared by,,Date,2026-10-08

#,Component,Symbol,Type,Source,Source details,Distribution,Input value,Input scale,Input unit,Divisor,Divisor value,u(xi),ci,ci*u(xi),Degrees of freedom,% contribution
1,Reference standard,u(mS),B,Calibration certificate of the reference standard,"Certificate: 10 000.005 g, U = 45 mg (k = 2)","Normal (U, k)",0.045,absolute,g,k = 2,2,0.0225,1,0.0225,inf,59.12408783
2,Drift of the standard,u(δmD),B,Drift / stability of the reference standard,From previous calibrations: zero within ±15 mg,Rectangular,0.015,absolute,g,√3,1.732050808,0.008660254038,0.9999999985,0.008660254025,inf,8.759124097
3,Comparator repeatability (observed difference),u(δm),A,Historical / pooled data,"Pooled s = 25 mg from earlier evaluation; mean of 3 comparisons. EA: dof ""large"" (50 assumed here).",Type A (pooled),s_p=0.025,absolute,g,√3,1.732050808,0.01443375673,1.000000003,0.01443375677,50,24.33090047
4,Comparator eccentricity & magnetic effects,u(δmC),B,Manufacturer specification,Rectangular limits ±10 mg,Rectangular,0.01,absolute,g,√3,1.732050808,0.005773502692,0.999999967,0.005773502501,inf,3.892943798
5,Air buoyancy,u(δB),B,Environmental conditions,Limits ±1×10⁻⁶ of nominal value (±10 mg),Rectangular,1,ppm,g,√3,1.732050808,0.005773502692,0.999999967,0.005773502501,inf,3.892943798

Estimate y,10000.025,g
Combined standard uncertainty uc,0.02926174972,g
Effective degrees of freedom veff,844.6049839
Degrees of freedom used for k,844.6049839
Coverage probability (%),fixed k
Coverage factor k,2
Expanded uncertainty U,0.05852349943,g
Reported (GUM 7.2.6),10000.025 ± 0.059,g

Method,"Uncertainty evaluated per JCGM 100:2008 (GUM) and NIST TN 1297: standard uncertainties from Type A (statistical) and Type B evaluations, combined by the law of propagation of uncertainty (first-order Taylor series, GUM 5.1.2 / 5.2.2), effective degrees of freedom by the Welch–Satterthwaite formula (GUM G.4.1), coverage factor from the Student t-distribution (GUM G.3/G.6.4), and reported to two significant digits (GUM 7.2.6)."
Reference 1,"JCGM 100:2008 (GUM 1995 with minor corrections), Evaluation of measurement data – Guide to the expression of uncertainty in measurement."
Reference 2,"NIST Technical Note 1297 (1994), B. N. Taylor & C. E. Kuyatt, Guidelines for Evaluating and Expressing the Uncertainty of NIST Measurement Results."
Reference 3,"ISO/IEC 17025:2017, General requirements for the competence of testing and calibration laboratories, clause 7.6 (evaluation of measurement uncertainty) and 7.8.4 (calibration certificates)."
Reference 4,"ILAC P14:09/2020, ILAC Policy for Measurement Uncertainty in Calibration."
Reference 5,"EA-4/02 M:2022, Evaluation of the Uncertainty of Measurement in Calibration."
